mutation,resi,aa_i,IS_i,resj,aa_j,IS_j,CaCa,CbCb,min_triad_dist,score,notes
ALA135C/THR151C,135,ALA,-,151,THR,IS4,5.82,4.23,26.3,1.973,dRMSF=0.40
TYR63C/GLN126C,63,TYR,IS1,126,GLN,IS3,5.04,3.81,14.8,1.935,dRMSF=0.35
GLY79C/ARG153C,79,GLY,IS2,153,ARG,IS4,4.79,3.58,24.0,1.888,dRMSF=0.15
TYR69C/ALA102C,69,TYR,IS1,102,ALA,IS2,6.01,3.87,21.4,1.882,dRMSF=0.10
TYR69C/GLY98C,69,TYR,IS1,98,GLY,IS2,5.67,3.79,18.1,1.822,dRMSF=0.11
PRO197C/PHE261C,197,PRO,IS5,261,PHE,-,6.82,3.89,20.8,1.821,dRMSF=0.08
ALA170C/VAL196C,170,ALA,IS4,196,VAL,IS5,6.16,4.01,16.1,1.797,dRMSF=0.36
THR77C/ASP150C,77,THR,-,150,ASP,IS4,5.44,4.25,29.1,1.669,dRMSF=0.12
GLY64C/ASP112C,64,GLY,IS1,112,ASP,IS3,5.08,3.94,14.8,1.648,dRMSF=0.19
PRO197C/ALA226C,197,PRO,IS5,226,ALA,-,4.6,4.04,20.8,1.598,dRMSF=0.00
GLY79C/MET262C,79,GLY,IS2,262,MET,-,6.72,4.19,22.8,1.581,dRMSF=0.06
THR189C/PRO217C,189,THR,IS5,217,PRO,IS6,5.9,3.88,13.0,1.573,dRMSF=0.14
VAL57C/GLY66C,57,VAL,IS1,66,GLY,IS1,5.32,4.01,18.9,1.566,dRMSF=0.01
ALA178C/PHE261C,178,ALA,IS4,261,PHE,-,5.79,4.03,19.0,1.555,dRMSF=0.03
SER124C/ILE168C,124,SER,IS3,168,ILE,IS4,6.12,3.9,13.3,1.52,dRMSF=0.09
GLY155C/ALA178C,155,GLY,IS4,178,ALA,IS4,4.79,4.19,18.0,1.477,dRMSF=0.14
ALA65C/ASP112C,65,ALA,IS1,112,ASP,IS3,4.9,4.06,14.8,1.456,dRMSF=0.13
VAL156C/SER166C,156,VAL,IS4,166,SER,IS4,5.43,4.11,10.4,1.455,dRMSF=0.35
ALA180C/LEU199C,180,ALA,IS4,199,LEU,-,4.6,4.2,13.7,1.305,dRMSF=0.16
ILE81C/GLY155C,81,ILE,IS2,155,GLY,IS4,4.51,4.32,17.6,1.223,dRMSF=0.04
TYR69C/VAL108C,69,TYR,IS1,108,VAL,-,5.11,4.38,18.8,1.221,dRMSF=0.05
ALA82C/ALA130C,82,ALA,IS2,130,ALA,IS3,6.48,4.33,15.8,1.149,dRMSF=0.05
ALA179C/THR198C,179,ALA,IS4,198,THR,IS5,4.67,4.36,14.6,1.09,dRMSF=0.07
ILE83C/MET157C,83,ILE,IS2,157,MET,IS4,4.65,4.42,11.8,0.869,dRMSF=0.02
