position,wildtype,mutation,thermompnn_ddg,foldx_single,foldx_mean,foldx_sd,robust,location,rsa
260,R,F,-0.7293326258659363,-2.54358,-2.46253,0.300815,True,core,0.04
119,Q,D,-0.6564304232597351,-2.51313,-2.40048,0.057708,True,surface,0.49
127,Q,L,-1.5280907154083252,-1.57509,-1.51559,0.101418,True,core,0.0
233,N,A,-1.1437019109725952,-1.5534,-1.47424,0.0187335,True,surface,0.3
127,Q,M,-1.343205213546753,-1.22555,-1.20077,0.0708507,True,core,0.0
77,T,I,-0.6940423250198364,-1.01615,-1.02468,0.00269676,True,surface,0.3
225,N,C,-0.8012615442276001,-0.940024,-0.942238,0.000894937,True,core,0.02
260,R,L,-0.7818536162376404,-1.8245,-0.858574,0.202952,True,core,0.04
233,N,R,-1.1888508796691897,-0.471771,-0.678601,0.125906,True,surface,0.3
233,N,S,-0.7382893562316895,-0.59977,-0.647987,0.0593286,True,surface,0.3
233,N,K,-1.1984511613845823,-0.685467,-0.566294,0.068965,True,surface,0.3
233,N,C,-0.673297643661499,-0.50443,-0.48889,0.00660356,True,surface,0.3
179,A,V,-0.9908417463302612,-0.0511451,-0.407649,0.360565,True,core,0.0
233,N,Q,-0.696506142616272,-0.113567,-0.282046,0.338691,False,surface,0.3
33,A,I,-0.9938212633132936,-0.727332,-0.179357,0.309682,False,surface,0.33
