position,wildtype,mutation,thermompnn_ddg,foldx_ddg,location,rsa
52,V,K,3.133692502975464,1.19928,surface,0.26
52,V,R,3.030837297439575,1.27132,surface,0.26
52,V,H,3.161663293838501,1.31774,surface,0.26
52,V,Q,3.011052370071411,1.47074,surface,0.26
52,V,D,3.377744197845459,1.51101,surface,0.26
52,V,E,3.074912071228028,1.56389,surface,0.26
52,V,N,3.420607089996338,1.59276,surface,0.26
219,Y,A,3.064393758773804,1.96565,core,0.04
52,V,G,3.209391593933105,2.27034,surface,0.26
150,D,G,3.002592325210572,3.08968,core,0.15
78,V,G,3.1135973930358887,3.43985,core,0.01
71,P,G,2.9787585735321045,3.46998,core,0.03
57,V,G,3.2102210521698,3.52087,core,0.06
262,M,G,3.4321630001068115,3.71493,core,0.0
55,F,G,3.392241716384888,4.16651,core,0.16
35,G,E,3.0180742740631104,4.27262,surface,0.32
198,T,G,3.100202798843384,4.62188,core,0.0
108,V,G,3.044339179992676,4.78471,core,0.0
69,Y,G,3.132991075515747,5.01224,core,0.04
250,I,G,3.023685932159424,5.14707,core,0.01
149,V,G,3.078975915908813,5.37952,core,0.06
101,L,G,2.961427688598633,5.45688,core,0.0
68,V,G,3.0798349380493164,5.76097,core,0.0
109,I,G,3.5891270637512207,6.17293,core,0.02
78,V,W,3.2319672107696533,6.22727,core,0.01
199,L,G,3.0509679317474365,6.24179,core,0.0
153,R,G,3.322979211807251,6.75089,core,0.01
81,I,G,3.549140930175781,6.91335,core,0.0
229,F,G,2.959716320037842,7.30687,core,0.0
105,G,I,3.1087758541107178,10.7264,core,0.0
