Unnamed: 0,Model,Dataset,ddG_pred,position,wildtype,mutation,pdb,chain,resname,min_dist_to_triad,rsa,location,hydrophobicity,near_active_site
1605,ThermoMPNN,6eqe_Repair,3.5891270637512207,109,I,G,6eqe_Repair,A,ILE,13.89,0.02,core,4.5,NO
1045,ThermoMPNN,6eqe_Repair,3.549140930175781,81,I,G,6eqe_Repair,A,ILE,13.83,0.0,core,4.5,NO
4665,ThermoMPNN,6eqe_Repair,3.4321630001068115,262,M,G,6eqe_Repair,A,MET,18.0,0.0,core,1.9,NO
471,ThermoMPNN,6eqe_Repair,3.420607089996338,52,V,N,6eqe_Repair,A,VAL,22.87,0.26,surface,4.2,NO
525,ThermoMPNN,6eqe_Repair,3.392241716384888,55,F,G,6eqe_Repair,A,PHE,22.06,0.16,core,2.8,NO
462,ThermoMPNN,6eqe_Repair,3.377744197845459,52,V,D,6eqe_Repair,A,VAL,22.87,0.26,surface,4.2,NO
2485,ThermoMPNN,6eqe_Repair,3.322979211807251,153,R,G,6eqe_Repair,A,ARG,21.2,0.01,core,-4.5,NO
998,ThermoMPNN,6eqe_Repair,3.2319672107696533,78,V,W,6eqe_Repair,A,VAL,24.24,0.01,core,4.2,NO
565,ThermoMPNN,6eqe_Repair,3.2102210521698,57,V,G,6eqe_Repair,A,VAL,21.13,0.06,core,4.2,NO
465,ThermoMPNN,6eqe_Repair,3.209391593933105,52,V,G,6eqe_Repair,A,VAL,22.87,0.26,surface,4.2,NO
466,ThermoMPNN,6eqe_Repair,3.161663293838501,52,V,H,6eqe_Repair,A,VAL,22.87,0.26,surface,4.2,NO
468,ThermoMPNN,6eqe_Repair,3.133692502975464,52,V,K,6eqe_Repair,A,VAL,22.87,0.26,surface,4.2,NO
805,ThermoMPNN,6eqe_Repair,3.132991075515747,69,Y,G,6eqe_Repair,A,TYR,16.72,0.04,core,-1.3,NO
985,ThermoMPNN,6eqe_Repair,3.1135973930358887,78,V,G,6eqe_Repair,A,VAL,24.24,0.01,core,4.2,NO
1527,ThermoMPNN,6eqe_Repair,3.1087758541107178,105,G,I,6eqe_Repair,A,GLY,22.96,0.0,core,-0.4,NO
3385,ThermoMPNN,6eqe_Repair,3.100202798843384,198,T,G,6eqe_Repair,A,THR,11.53,0.0,core,-0.7,NO
785,ThermoMPNN,6eqe_Repair,3.0798349380493164,68,V,G,6eqe_Repair,A,VAL,19.83,0.0,core,4.2,NO
2405,ThermoMPNN,6eqe_Repair,3.078975915908813,149,V,G,6eqe_Repair,A,VAL,24.04,0.06,core,4.2,NO
463,ThermoMPNN,6eqe_Repair,3.074912071228028,52,V,E,6eqe_Repair,A,VAL,22.87,0.26,surface,4.2,NO
3800,ThermoMPNN,6eqe_Repair,3.064393758773804,219,Y,A,6eqe_Repair,A,TYR,12.13,0.04,core,-1.3,NO
3405,ThermoMPNN,6eqe_Repair,3.0509679317474365,199,L,G,6eqe_Repair,A,LEU,10.59,0.0,core,3.8,NO
1585,ThermoMPNN,6eqe_Repair,3.044339179992676,108,V,G,6eqe_Repair,A,VAL,15.27,0.0,core,4.2,NO
474,ThermoMPNN,6eqe_Repair,3.030837297439575,52,V,R,6eqe_Repair,A,VAL,22.87,0.26,surface,4.2,NO
4425,ThermoMPNN,6eqe_Repair,3.023685932159424,250,I,G,6eqe_Repair,A,ILE,9.41,0.01,core,4.5,NO
123,ThermoMPNN,6eqe_Repair,3.0180742740631104,35,G,E,6eqe_Repair,A,GLY,29.78,0.32,surface,-0.4,NO
473,ThermoMPNN,6eqe_Repair,3.011052370071411,52,V,Q,6eqe_Repair,A,VAL,22.87,0.26,surface,4.2,NO
2425,ThermoMPNN,6eqe_Repair,3.0025923252105717,150,D,G,6eqe_Repair,A,ASP,24.35,0.15,core,-3.5,NO
845,ThermoMPNN,6eqe_Repair,2.9787585735321045,71,P,G,6eqe_Repair,A,PRO,24.43,0.03,core,-1.6,NO
1445,ThermoMPNN,6eqe_Repair,2.961427688598633,101,L,G,6eqe_Repair,A,LEU,14.52,0.0,core,3.8,NO
4005,ThermoMPNN,6eqe_Repair,2.959716320037842,229,F,G,6eqe_Repair,A,PHE,9.54,0.0,core,2.8,NO
