position,resname,min_dist_to_triad,rsa,location,hydrophobicity,near_active_site
29,THR,35.31,1.03,surface,-0.7,NO
30,ASN,29.42,0.23,surface,-3.5,NO
31,PRO,31.52,0.56,surface,-1.6,NO
32,TYR,27.79,0.3,surface,-1.3,NO
33,ALA,29.53,0.33,surface,1.8,NO
34,ARG,27.93,0.08,core,-4.5,NO
35,GLY,29.78,0.32,surface,-0.4,NO
36,PRO,29.63,0.57,surface,-1.6,NO
37,ASN,30.29,0.57,surface,-3.5,NO
38,PRO,26.91,0.12,core,-1.6,NO
39,THR,25.33,0.38,surface,-0.7,NO
40,ALA,23.39,0.31,surface,1.8,NO
41,ALA,24.3,0.58,surface,1.8,NO
42,SER,23.78,0.3,surface,-0.8,NO
43,LEU,19.98,0.01,core,3.8,NO
44,GLU,19.8,0.37,surface,-3.5,NO
45,ALA,20.41,0.29,surface,1.8,NO
46,SER,20.13,0.66,surface,-0.8,NO
47,ALA,22.11,0.46,surface,1.8,NO
48,GLY,23.57,0.19,core,-0.4,NO
49,PRO,26.43,0.43,surface,-1.6,NO
50,PHE,26.41,0.1,core,2.8,NO
51,THR,27.13,0.44,surface,-0.7,NO
52,VAL,22.87,0.26,surface,4.2,NO
53,ARG,23.74,0.5,surface,-4.5,NO
54,SER,22.46,0.44,surface,-0.8,NO
55,PHE,22.06,0.16,core,2.8,NO
56,THR,22.25,0.62,surface,-0.7,NO
57,VAL,21.13,0.06,core,4.2,NO
58,SER,24.75,0.76,surface,-0.8,NO
59,ARG,23.75,0.65,surface,-4.5,NO
60,PRO,20.17,0.11,core,-1.6,NO
61,SER,19.9,0.42,surface,-0.8,NO
62,GLY,16.78,0.49,surface,-0.4,NO
63,TYR,15.86,0.05,core,-1.3,NO
64,GLY,16.12,0.35,surface,-0.4,NO
65,ALA,15.77,0.24,surface,1.8,NO
66,GLY,17.5,0.0,core,-0.4,NO
67,THR,17.56,0.11,core,-0.7,NO
68,VAL,19.83,0.0,core,4.2,NO
69,TYR,16.72,0.04,core,-1.3,NO
70,TYR,22.61,0.03,core,-1.3,NO
71,PRO,24.43,0.03,core,-1.6,NO
72,THR,28.22,0.35,surface,-0.7,NO
73,ASN,29.93,0.41,surface,-3.5,NO
74,ALA,28.16,0.12,core,1.8,NO
75,GLY,31.47,0.8,surface,-0.4,NO
76,GLY,29.33,0.29,surface,-0.4,NO
77,THR,27.7,0.3,surface,-0.7,NO
78,VAL,24.24,0.01,core,4.2,NO
79,GLY,21.23,0.0,core,-0.4,NO
80,ALA,17.88,0.0,core,1.8,NO
81,ILE,13.83,0.0,core,4.5,NO
82,ALA,11.35,0.01,core,1.8,NO
83,ILE,9.12,0.0,core,4.5,NO
84,VAL,5.88,0.01,core,4.2,YES
85,PRO,4.8,0.0,core,-1.6,YES
86,GLY,2.98,0.0,core,-0.4,YES
87,TYR,4.01,0.4,surface,-1.3,YES
88,THR,7.33,0.53,surface,-0.7,YES
89,ALA,6.59,0.13,core,1.8,YES
90,ARG,9.24,0.46,surface,-4.5,NO
91,GLN,11.49,0.09,core,-3.5,NO
92,SER,11.83,0.54,surface,-0.8,NO
93,SER,7.65,0.12,core,-0.8,YES
94,ILE,7.61,0.0,core,4.5,YES
95,LYS,12.22,0.36,surface,-3.9,NO
96,TRP,10.26,0.1,core,-0.9,NO
97,TRP,9.87,0.0,core,-0.9,NO
98,GLY,15.17,0.0,core,-0.4,NO
99,PRO,17.99,0.36,surface,-1.6,NO
100,ARG,16.89,0.02,core,-4.5,NO
101,LEU,14.52,0.0,core,3.8,NO
102,ALA,19.48,0.0,core,1.8,NO
103,SER,21.96,0.03,core,-0.8,NO
104,HIS,21.44,0.02,core,-3.2,NO
105,GLY,22.96,0.0,core,-0.4,NO
106,PHE,19.81,0.0,core,2.8,NO
107,VAL,18.83,0.0,core,4.2,NO
108,VAL,15.27,0.0,core,4.2,NO
109,ILE,13.89,0.02,core,4.5,NO
110,THR,13.33,0.0,core,-0.7,NO
111,ILE,11.22,0.01,core,4.5,NO
112,ASP,12.3,0.03,core,-3.5,NO
113,THR,9.88,0.06,core,-0.7,NO
114,ASN,14.03,0.65,surface,-3.5,NO
115,SER,11.31,0.29,surface,-0.8,NO
116,THR,8.82,0.32,surface,-0.7,NO
117,LEU,10.66,0.44,surface,3.8,NO
118,ASP,8.46,0.12,core,-3.5,NO
119,GLN,8.4,0.49,surface,-3.5,NO
120,PRO,5.98,0.05,core,-1.6,YES
121,SER,9.28,0.52,surface,-0.8,NO
122,SER,11.07,0.25,surface,-0.8,NO
123,ARG,6.29,0.0,core,-4.5,YES
124,SER,9.45,0.05,core,-0.8,NO
125,SER,12.29,0.44,surface,-0.8,NO
126,GLN,12.9,0.04,core,-3.5,NO
127,GLN,9.03,0.0,core,-3.5,NO
128,MET,13.89,0.08,core,1.9,NO
129,ALA,16.32,0.1,core,1.8,NO
130,ALA,15.85,0.0,core,1.8,NO
131,LEU,15.76,0.01,core,3.8,NO
132,ARG,18.49,0.51,surface,-4.5,NO
133,GLN,21.15,0.11,core,-3.5,NO
134,VAL,20.01,0.01,core,4.2,NO
135,ALA,23.12,0.28,surface,1.8,NO
136,SER,25.25,0.4,surface,-0.8,NO
137,LEU,24.28,0.15,core,3.8,NO
138,ASN,27.1,0.15,core,-3.5,NO
139,GLY,29.5,0.56,surface,-0.4,NO
140,THR,30.04,0.32,surface,-0.7,NO
141,SER,33.63,0.53,surface,-0.8,NO
142,SER,32.07,0.72,surface,-0.8,NO
143,SER,27.82,0.09,core,-0.8,NO
144,PRO,28.25,0.31,surface,-1.6,NO
145,ILE,24.27,0.0,core,4.5,NO
146,TYR,29.58,0.43,surface,-1.3,NO
147,GLY,30.39,0.47,surface,-0.4,NO
148,LYS,27.03,0.26,surface,-3.9,NO
149,VAL,24.04,0.06,core,4.2,NO
150,ASP,24.35,0.15,core,-3.5,NO
151,THR,23.43,0.41,surface,-0.7,NO
152,ALA,23.56,0.56,surface,1.8,NO
153,ARG,21.2,0.01,core,-4.5,NO
154,MET,17.64,0.12,core,1.9,NO
155,GLY,14.21,0.0,core,-0.4,NO
156,VAL,10.79,0.0,core,4.2,NO
157,MET,7.72,0.0,core,1.9,YES
158,GLY,4.03,0.0,core,-0.4,YES
159,TRP,1.34,0.12,core,-0.9,YES
160,SER,0.0,0.07,core,-0.8,YES
161,MET,1.33,0.16,core,1.9,YES
162,GLY,3.09,0.01,core,-0.4,YES
163,GLY,2.81,0.0,core,-0.4,YES
164,GLY,2.87,0.0,core,-0.4,YES
165,GLY,4.93,0.0,core,-0.4,YES
166,SER,6.55,0.0,core,-0.8,YES
167,LEU,6.76,0.01,core,3.8,YES
168,ILE,8.66,0.17,core,4.5,NO
169,SER,10.69,0.0,core,-0.8,NO
170,ALA,12.21,0.0,core,1.8,NO
171,ALA,13.46,0.15,core,1.8,NO
172,ASN,14.0,0.56,surface,-3.5,NO
173,ASN,15.59,0.23,surface,-3.5,NO
174,PRO,18.51,0.49,surface,-1.6,NO
175,SER,19.97,0.64,surface,-0.8,NO
176,LEU,14.65,0.06,core,3.8,NO
177,LYS,18.12,0.25,surface,-3.9,NO
178,ALA,14.32,0.0,core,1.8,NO
179,ALA,11.63,0.0,core,1.8,NO
180,ALA,8.62,0.0,core,1.8,NO
181,PRO,6.31,0.0,core,-1.6,YES
182,GLN,2.94,0.0,core,-3.5,YES
183,ALA,3.05,0.04,core,1.8,YES
184,PRO,3.62,0.0,core,-1.6,YES
185,TRP,3.17,0.32,surface,-0.9,YES
186,ASP,5.49,0.14,core,-3.5,YES
187,SER,8.49,0.7,surface,-0.8,NO
188,SER,9.32,0.31,surface,-0.8,NO
189,THR,10.69,0.24,surface,-0.7,NO
190,ASN,12.71,0.4,surface,-3.5,NO
191,PHE,8.66,0.02,core,2.8,NO
192,SER,15.46,0.24,surface,-0.8,NO
193,SER,16.73,0.39,surface,-0.8,NO
194,VAL,13.05,0.0,core,4.2,NO
195,THR,17.34,0.38,surface,-0.7,NO
196,VAL,15.63,0.01,core,4.2,NO
197,PRO,15.27,0.15,core,-1.6,NO
198,THR,11.53,0.0,core,-0.7,NO
199,LEU,10.59,0.0,core,3.8,NO
200,ILE,9.24,0.0,core,4.5,NO
201,PHE,7.07,0.02,core,2.8,YES
202,ALA,6.08,0.01,core,1.8,YES
203,CYS,2.98,0.02,core,2.5,YES
204,GLU,3.28,0.25,surface,-3.5,YES
205,ASN,1.33,0.55,surface,-3.5,YES
206,ASP,0.0,0.04,core,-3.5,YES
207,SER,1.34,0.64,surface,-0.8,YES
208,ILE,2.87,0.63,surface,4.5,YES
209,ALA,2.87,0.04,core,1.8,YES
210,PRO,3.33,0.31,surface,-1.6,YES
211,VAL,4.46,0.07,core,4.2,YES
212,ASN,6.74,0.68,surface,-3.5,YES
213,SER,7.33,0.46,surface,-0.8,YES
214,SER,5.93,0.01,core,-0.8,YES
215,ALA,6.87,0.03,core,1.8,YES
216,LEU,9.36,0.13,core,3.8,NO
217,PRO,10.98,0.25,surface,-1.6,NO
218,ILE,7.25,0.01,core,4.5,YES
219,TYR,12.13,0.04,core,-1.3,NO
220,ASP,14.96,0.53,surface,-3.5,NO
221,SER,13.69,0.12,core,-0.8,NO
222,MET,12.71,0.0,core,1.9,NO
223,SER,18.7,0.57,surface,-0.8,NO
224,ARG,20.27,0.6,surface,-4.5,NO
225,ASN,15.75,0.02,core,-3.5,NO
226,ALA,17.45,0.1,core,1.8,NO
227,LYS,16.47,0.07,core,-3.9,NO
228,GLN,13.88,0.0,core,-3.5,NO
229,PHE,9.54,0.0,core,2.8,NO
230,LEU,10.01,0.0,core,3.8,NO
231,GLU,7.21,0.06,core,-3.5,YES
232,ILE,7.11,0.03,core,4.5,YES
233,ASN,8.54,0.3,surface,-3.5,NO
234,GLY,6.51,0.47,surface,-0.4,YES
235,GLY,3.45,0.05,core,-0.4,YES
236,SER,1.33,0.44,surface,-0.8,YES
237,HIS,0.0,0.12,core,-3.2,YES
238,SER,1.34,0.33,surface,-0.8,YES
239,CYS,3.32,0.11,core,2.5,YES
240,ALA,5.12,0.03,core,1.8,YES
241,ASN,4.8,0.04,core,-3.5,YES
242,SER,9.07,0.31,surface,-0.8,NO
243,GLY,10.75,0.74,surface,-0.4,NO
244,ASN,8.75,0.11,core,-3.5,NO
245,SER,11.04,0.68,surface,-0.8,NO
246,ASN,11.19,0.11,core,-3.5,NO
247,GLN,13.17,0.29,surface,-3.5,NO
248,ALA,15.81,0.28,surface,1.8,NO
249,LEU,14.75,0.09,core,3.8,NO
250,ILE,9.41,0.01,core,4.5,NO
251,GLY,14.22,0.0,core,-0.4,NO
252,LYS,16.92,0.13,core,-3.9,NO
253,LYS,15.64,0.03,core,-3.9,NO
254,GLY,14.78,0.0,core,-0.4,NO
255,VAL,16.86,0.0,core,4.2,NO
256,ALA,19.11,0.0,core,1.8,NO
257,TRP,15.64,0.0,core,-0.9,NO
258,MET,13.79,0.0,core,1.9,NO
259,LYS,20.2,0.0,core,-3.9,NO
260,ARG,21.9,0.04,core,-4.5,NO
261,PHE,19.6,0.09,core,2.8,NO
262,MET,18.0,0.0,core,1.9,NO
263,ASP,23.21,0.0,core,-3.5,NO
264,ASN,25.06,0.44,surface,-3.5,NO
265,ASP,26.0,0.03,core,-3.5,NO
266,THR,27.95,0.5,surface,-0.7,NO
267,ARG,27.7,0.26,surface,-4.5,NO
268,TYR,23.84,0.03,core,-1.3,NO
269,SER,24.6,0.15,core,-0.8,NO
270,THR,23.97,0.52,surface,-0.7,NO
271,PHE,20.94,0.17,core,2.8,NO
272,ALA,19.83,0.0,core,1.8,NO
273,CYS,22.07,0.11,core,2.5,NO
274,GLU,20.46,0.53,surface,-3.5,NO
275,ASN,18.82,0.3,surface,-3.5,NO
276,PRO,18.11,0.22,surface,-1.6,NO
277,ASN,19.83,0.66,surface,-3.5,NO
278,SER,16.27,0.25,surface,-0.8,NO
279,THR,14.53,0.76,surface,-0.7,NO
280,ARG,11.99,0.46,surface,-4.5,NO
281,VAL,12.62,0.13,core,4.2,NO
282,SER,8.86,0.28,surface,-0.8,NO
283,ASP,11.3,0.18,core,-3.5,NO
284,PHE,14.21,0.19,core,2.8,NO
285,ARG,13.57,0.31,surface,-4.5,NO
286,THR,18.72,0.34,surface,-0.7,NO
287,ALA,20.74,0.23,surface,1.8,NO
288,ASN,22.19,0.53,surface,-3.5,NO
289,CYS,21.59,0.05,core,2.5,NO
290,SER,25.21,0.58,surface,-0.8,NO
291,LEU,28.35,0.61,surface,3.8,NO
292,GLU,30.91,0.82,surface,-3.5,NO
293,HIS,34.4,1.1,surface,-3.2,NO
