mutation,position,wildtype_aa,mutant_aa,ddG_kcal_mol,Tm_change_C,method,confidence
S121E,121,S,E,-2.41,4.8,FoldX,high
L117F,117,L,F,-1.83,3.5,ThermoMPNN,high
W159H,159,W,H,1.24,-1.8,FoldX,medium
N246D,246,N,D,-0.87,1.2,FoldX,medium
S121P,121,S,P,-1.95,3.9,ThermoMPNN,high
R280A,280,R,A,2.31,-3.4,FoldX,low
D186H,186,D,H,-2.18,4.1,ThermoMPNN,high
S214H,214,S,H,-3.02,5.7,FoldX,high
N233K,233,N,K,-1.42,2.6,ThermoMPNN,medium
H218S,218,H,S,0.34,-0.6,FoldX,low
S238F,238,S,F,-2.87,5.3,ThermoMPNN,high
Q119Y,119,Q,Y,-1.66,3.1,FoldX,high
W185S,185,W,S,2.94,-4.2,FoldX,low
N246M,246,N,M,-1.21,2.3,ThermoMPNN,medium
K95N,95,K,N,-0.45,0.8,FoldX,low
A180T,180,A,T,-1.78,3.4,ThermoMPNN,high
F125W,125,F,W,-2.55,4.9,FoldX,high
T88C,88,T,C,-1.93,3.7,FoldX,medium
S121T,121,S,T,-0.92,1.7,ThermoMPNN,medium
N241D,241,N,D,-1.45,2.7,FoldX,high
M154V,154,M,V,-0.88,1.6,ThermoMPNN,medium
R90S,90,R,S,1.84,-2.7,FoldX,low
H184Y,184,H,Y,-2.23,4.3,ThermoMPNN,high
S188N,188,S,N,-0.67,1.2,FoldX,low
W159Y,159,W,Y,0.98,-1.4,FoldX,medium
D157N,157,D,N,-1.34,2.4,ThermoMPNN,medium
A89V,89,A,V,-1.05,1.9,FoldX,medium
E204K,204,E,K,-0.78,1.4,ThermoMPNN,medium
S121A,121,S,A,-2.04,3.8,FoldX,high
P181S,181,P,S,1.56,-2.3,FoldX,low
T199I,199,T,I,-1.47,2.7,ThermoMPNN,medium
G89A,89,G,A,-0.32,0.5,FoldX,low
N246S,246,N,S,-1.18,2.2,ThermoMPNN,medium
Q119L,119,Q,L,-0.55,1.0,FoldX,medium
V207I,207,V,I,-0.89,1.6,ThermoMPNN,medium
S121D,121,S,D,-1.72,3.3,FoldX,high
H237N,237,H,N,-0.43,0.8,ThermoMPNN,low
F222Y,222,F,Y,-1.96,3.7,FoldX,high
K146E,146,K,E,-1.28,2.4,ThermoMPNN,medium
L155I,155,L,I,-0.61,1.1,FoldX,medium
T76I,76,T,I,-1.83,3.5,ThermoMPNN,high
N246A,246,N,A,-0.74,1.3,FoldX,medium
R280K,280,R,K,-0.55,1.0,ThermoMPNN,medium
S121N,121,S,N,-1.14,2.1,FoldX,medium
A126V,126,A,V,-1.61,3.0,ThermoMPNN,high
G62A,62,G,A,-0.92,1.7,FoldX,medium
F222W,222,F,W,-2.12,4.0,ThermoMPNN,high
H218N,218,H,N,-0.41,0.8,FoldX,low
S121H,121,S,H,-1.87,3.5,ThermoMPNN,high
N246T,246,N,T,-0.96,1.8,FoldX,medium
