resid,rmsf_A
1.000000000000000000e+00,6.478035926818847656e+00
2.000000000000000000e+00,4.166738510131835938e+00
3.000000000000000000e+00,3.305555582046508789e+00
4.000000000000000000e+00,2.850100040435791016e+00
5.000000000000000000e+00,2.171992778778076172e+00
6.000000000000000000e+00,2.107475996017456055e+00
7.000000000000000000e+00,1.871405124664306641e+00
8.000000000000000000e+00,1.611474275588989258e+00
9.000000000000000000e+00,1.364368081092834473e+00
1.000000000000000000e+01,1.415826678276062012e+00
1.100000000000000000e+01,1.503141045570373535e+00
1.200000000000000000e+01,1.609448909759521484e+00
1.300000000000000000e+01,1.715318679809570312e+00
1.400000000000000000e+01,1.338400840759277344e+00
1.500000000000000000e+01,1.057908773422241211e+00
1.600000000000000000e+01,1.427988767623901367e+00
1.700000000000000000e+01,1.322790145874023438e+00
1.800000000000000000e+01,1.380991935729980469e+00
1.900000000000000000e+01,1.119659423828125000e+00
2.000000000000000000e+01,7.861409187316894531e-01
2.100000000000000000e+01,8.917958140373229980e-01
2.200000000000000000e+01,6.800247430801391602e-01
2.300000000000000000e+01,7.528740763664245605e-01
2.400000000000000000e+01,6.333748102188110352e-01
2.500000000000000000e+01,6.400376558303833008e-01
2.600000000000000000e+01,6.109461784362792969e-01
2.700000000000000000e+01,7.469806075096130371e-01
2.800000000000000000e+01,7.933810949325561523e-01
2.900000000000000000e+01,8.953872323036193848e-01
3.000000000000000000e+01,1.378835678100585938e+00
3.100000000000000000e+01,1.211320996284484863e+00
3.200000000000000000e+01,1.676336765289306641e+00
3.300000000000000000e+01,1.132139921188354492e+00
3.400000000000000000e+01,1.142195940017700195e+00
3.500000000000000000e+01,7.748329043388366699e-01
3.600000000000000000e+01,7.995612025260925293e-01
3.700000000000000000e+01,6.808969378471374512e-01
3.800000000000000000e+01,6.020190119743347168e-01
3.900000000000000000e+01,4.943299293518066406e-01
4.000000000000000000e+01,4.599971175193786621e-01
4.100000000000000000e+01,4.560085535049438477e-01
4.200000000000000000e+01,5.198522806167602539e-01
4.300000000000000000e+01,5.851786732673645020e-01
4.400000000000000000e+01,8.511528372764587402e-01
4.500000000000000000e+01,1.377832889556884766e+00
4.600000000000000000e+01,1.376247167587280273e+00
4.700000000000000000e+01,1.888933062553405762e+00
4.800000000000000000e+01,1.711288690567016602e+00
4.900000000000000000e+01,1.262323975563049316e+00
5.000000000000000000e+01,6.879014968872070312e-01
5.100000000000000000e+01,5.704292058944702148e-01
5.200000000000000000e+01,4.901114106178283691e-01
5.300000000000000000e+01,4.081987142562866211e-01
5.400000000000000000e+01,3.802404999732971191e-01
5.500000000000000000e+01,3.711759746074676514e-01
5.600000000000000000e+01,4.175691306591033936e-01
5.700000000000000000e+01,4.705482721328735352e-01
5.800000000000000000e+01,6.350898146629333496e-01
5.900000000000000000e+01,9.209286570549011230e-01
6.000000000000000000e+01,9.165669083595275879e-01
6.100000000000000000e+01,7.032943964004516602e-01
6.200000000000000000e+01,6.232131719589233398e-01
6.300000000000000000e+01,5.502162575721740723e-01
6.400000000000000000e+01,6.581095457077026367e-01
6.500000000000000000e+01,6.246552467346191406e-01
6.600000000000000000e+01,5.486042499542236328e-01
6.700000000000000000e+01,6.056900620460510254e-01
6.800000000000000000e+01,5.698168873786926270e-01
6.900000000000000000e+01,4.946859478950500488e-01
7.000000000000000000e+01,5.847287178039550781e-01
7.100000000000000000e+01,6.754701733589172363e-01
7.200000000000000000e+01,6.950392723083496094e-01
7.300000000000000000e+01,5.870101451873779297e-01
7.400000000000000000e+01,5.491262078285217285e-01
7.500000000000000000e+01,5.849618911743164062e-01
7.600000000000000000e+01,6.407853960990905762e-01
7.700000000000000000e+01,6.520646214485168457e-01
7.800000000000000000e+01,4.840098321437835693e-01
7.900000000000000000e+01,4.259074926376342773e-01
8.000000000000000000e+01,4.113819599151611328e-01
8.100000000000000000e+01,3.870626091957092285e-01
8.200000000000000000e+01,4.192684590816497803e-01
8.300000000000000000e+01,4.406411051750183105e-01
8.400000000000000000e+01,5.097613334655761719e-01
8.500000000000000000e+01,5.622730851173400879e-01
8.600000000000000000e+01,7.017021179199218750e-01
8.700000000000000000e+01,7.822975516319274902e-01
8.800000000000000000e+01,8.719359636306762695e-01
8.900000000000000000e+01,9.092691540718078613e-01
9.000000000000000000e+01,6.520758867263793945e-01
9.100000000000000000e+01,6.445037126541137695e-01
9.200000000000000000e+01,5.468258857727050781e-01
9.300000000000000000e+01,5.833035111427307129e-01
9.400000000000000000e+01,5.673647522926330566e-01
9.500000000000000000e+01,4.552946984767913818e-01
9.600000000000000000e+01,4.415642917156219482e-01
9.700000000000000000e+01,5.074060559272766113e-01
9.800000000000000000e+01,4.514105319976806641e-01
9.900000000000000000e+01,4.409224987030029297e-01
1.000000000000000000e+02,5.118468999862670898e-01
1.010000000000000000e+02,5.045756697654724121e-01
1.020000000000000000e+02,4.812723994255065918e-01
1.030000000000000000e+02,5.684387087821960449e-01
1.040000000000000000e+02,6.359314322471618652e-01
1.050000000000000000e+02,5.806366205215454102e-01
1.060000000000000000e+02,5.564583539962768555e-01
1.070000000000000000e+02,6.915363073348999023e-01
1.080000000000000000e+02,7.559188604354858398e-01
1.090000000000000000e+02,6.843584179878234863e-01
1.100000000000000000e+02,6.759580373764038086e-01
1.110000000000000000e+02,9.038850665092468262e-01
1.120000000000000000e+02,9.967709183692932129e-01
1.130000000000000000e+02,1.269175410270690918e+00
1.140000000000000000e+02,1.449312448501586914e+00
1.150000000000000000e+02,1.028868079185485840e+00
1.160000000000000000e+02,1.096951484680175781e+00
1.170000000000000000e+02,8.961305022239685059e-01
1.180000000000000000e+02,8.471653461456298828e-01
1.190000000000000000e+02,9.662587642669677734e-01
1.200000000000000000e+02,9.689101576805114746e-01
1.210000000000000000e+02,7.427896261215209961e-01
1.220000000000000000e+02,8.498753309249877930e-01
1.230000000000000000e+02,1.063731431961059570e+00
1.240000000000000000e+02,1.061733126640319824e+00
1.250000000000000000e+02,7.122567892074584961e-01
1.260000000000000000e+02,5.124178528785705566e-01
1.270000000000000000e+02,4.785199463367462158e-01
1.280000000000000000e+02,4.187798202037811279e-01
1.290000000000000000e+02,4.240751266479492188e-01
1.300000000000000000e+02,4.507125914096832275e-01
1.310000000000000000e+02,4.222294986248016357e-01
1.320000000000000000e+02,4.974230825901031494e-01
1.330000000000000000e+02,5.155452489852905273e-01
1.340000000000000000e+02,4.745063185691833496e-01
1.350000000000000000e+02,4.804620742797851562e-01
1.360000000000000000e+02,5.323832035064697266e-01
1.370000000000000000e+02,4.956976771354675293e-01
1.380000000000000000e+02,4.312708675861358643e-01
1.390000000000000000e+02,4.943312704563140869e-01
1.400000000000000000e+02,4.872911870479583740e-01
1.410000000000000000e+02,4.696742892265319824e-01
1.420000000000000000e+02,5.464169979095458984e-01
1.430000000000000000e+02,6.735283732414245605e-01
1.440000000000000000e+02,7.654383778572082520e-01
1.450000000000000000e+02,7.177326679229736328e-01
1.460000000000000000e+02,9.359084963798522949e-01
1.470000000000000000e+02,8.724133968353271484e-01
1.480000000000000000e+02,5.205186605453491211e-01
1.490000000000000000e+02,4.961934387683868408e-01
1.500000000000000000e+02,4.819967746734619141e-01
1.510000000000000000e+02,4.566337466239929199e-01
1.520000000000000000e+02,4.713249206542968750e-01
1.530000000000000000e+02,5.371665954589843750e-01
1.540000000000000000e+02,4.324101209640502930e-01
1.550000000000000000e+02,5.353736877441406250e-01
1.560000000000000000e+02,5.848648548126220703e-01
1.570000000000000000e+02,9.015294313430786133e-01
1.580000000000000000e+02,1.150566816329956055e+00
1.590000000000000000e+02,1.408039093017578125e+00
1.600000000000000000e+02,1.608453392982482910e+00
1.610000000000000000e+02,1.526728868484497070e+00
1.620000000000000000e+02,1.620508670806884766e+00
1.630000000000000000e+02,9.744113683700561523e-01
1.640000000000000000e+02,1.089397907257080078e+00
1.650000000000000000e+02,1.026325821876525879e+00
1.660000000000000000e+02,7.089064121246337891e-01
1.670000000000000000e+02,7.212327718734741211e-01
1.680000000000000000e+02,4.890706837177276611e-01
1.690000000000000000e+02,4.756881296634674072e-01
1.700000000000000000e+02,4.338372945785522461e-01
1.710000000000000000e+02,4.172267913818359375e-01
1.720000000000000000e+02,4.188436865806579590e-01
1.730000000000000000e+02,4.758210182189941406e-01
1.740000000000000000e+02,5.138805508613586426e-01
1.750000000000000000e+02,5.733917951583862305e-01
1.760000000000000000e+02,7.265485525131225586e-01
1.770000000000000000e+02,1.074352979660034180e+00
1.780000000000000000e+02,1.272397160530090332e+00
1.790000000000000000e+02,3.900597333908081055e+00
1.800000000000000000e+02,4.258484363555908203e+00
1.810000000000000000e+02,2.960654258728027344e+00
1.820000000000000000e+02,2.737883329391479492e+00
1.830000000000000000e+02,3.211891174316406250e+00
1.840000000000000000e+02,3.060186147689819336e+00
1.850000000000000000e+02,1.667723417282104492e+00
1.860000000000000000e+02,9.386433362960815430e-01
1.870000000000000000e+02,7.391778230667114258e-01
1.880000000000000000e+02,7.821503877639770508e-01
1.890000000000000000e+02,7.879629731178283691e-01
1.900000000000000000e+02,7.078934907913208008e-01
1.910000000000000000e+02,6.721532940864562988e-01
1.920000000000000000e+02,7.675713896751403809e-01
1.930000000000000000e+02,8.056924343109130859e-01
1.940000000000000000e+02,8.404285907745361328e-01
1.950000000000000000e+02,1.132091999053955078e+00
1.960000000000000000e+02,1.444393992424011230e+00
1.970000000000000000e+02,9.628102183341979980e-01
1.980000000000000000e+02,5.636496543884277344e-01
1.990000000000000000e+02,4.646598994731903076e-01
2.000000000000000000e+02,4.229163527488708496e-01
2.010000000000000000e+02,4.454210400581359863e-01
2.020000000000000000e+02,5.105943679809570312e-01
2.030000000000000000e+02,5.534027814865112305e-01
2.040000000000000000e+02,5.746202468872070312e-01
2.050000000000000000e+02,7.976855039596557617e-01
2.060000000000000000e+02,1.203205585479736328e+00
2.070000000000000000e+02,1.353754997253417969e+00
2.080000000000000000e+02,7.382574677467346191e-01
2.090000000000000000e+02,6.723728179931640625e-01
2.100000000000000000e+02,6.530379056930541992e-01
2.110000000000000000e+02,5.993067026138305664e-01
2.120000000000000000e+02,7.681477665901184082e-01
2.130000000000000000e+02,7.794058918952941895e-01
2.140000000000000000e+02,1.266124486923217773e+00
2.150000000000000000e+02,1.606392979621887207e+00
2.160000000000000000e+02,1.947066903114318848e+00
2.170000000000000000e+02,1.279809236526489258e+00
2.180000000000000000e+02,8.050405383110046387e-01
2.190000000000000000e+02,7.360934019088745117e-01
2.200000000000000000e+02,6.786643862724304199e-01
2.210000000000000000e+02,6.247578263282775879e-01
2.220000000000000000e+02,5.390009880065917969e-01
2.230000000000000000e+02,6.051253080368041992e-01
2.240000000000000000e+02,6.464191675186157227e-01
2.250000000000000000e+02,5.492216944694519043e-01
2.260000000000000000e+02,5.703506469726562500e-01
2.270000000000000000e+02,5.299548506736755371e-01
2.280000000000000000e+02,5.000445842742919922e-01
2.290000000000000000e+02,4.790200591087341309e-01
2.300000000000000000e+02,5.405480861663818359e-01
2.310000000000000000e+02,5.475014448165893555e-01
2.320000000000000000e+02,5.014315247535705566e-01
2.330000000000000000e+02,5.450999736785888672e-01
2.340000000000000000e+02,6.839433908462524414e-01
2.350000000000000000e+02,8.416097760200500488e-01
2.360000000000000000e+02,8.358336687088012695e-01
2.370000000000000000e+02,7.455629706382751465e-01
2.380000000000000000e+02,8.579145669937133789e-01
2.390000000000000000e+02,8.325240015983581543e-01
2.400000000000000000e+02,6.716782450675964355e-01
2.410000000000000000e+02,7.797616124153137207e-01
2.420000000000000000e+02,8.852497339248657227e-01
2.430000000000000000e+02,6.931204795837402344e-01
2.440000000000000000e+02,5.859901309013366699e-01
2.450000000000000000e+02,6.056610345840454102e-01
2.460000000000000000e+02,7.289785742759704590e-01
2.470000000000000000e+02,9.949941039085388184e-01
2.480000000000000000e+02,1.256618738174438477e+00
2.490000000000000000e+02,1.738714933395385742e+00
2.500000000000000000e+02,1.192329049110412598e+00
2.510000000000000000e+02,1.168019771575927734e+00
2.520000000000000000e+02,8.952295780181884766e-01
2.530000000000000000e+02,6.975396871566772461e-01
2.540000000000000000e+02,7.216054797172546387e-01
2.550000000000000000e+02,6.357640027999877930e-01
2.560000000000000000e+02,5.761829614639282227e-01
2.570000000000000000e+02,5.486119389533996582e-01
2.580000000000000000e+02,5.216263532638549805e-01
2.590000000000000000e+02,5.594437122344970703e-01
2.600000000000000000e+02,6.801453232765197754e-01
2.610000000000000000e+02,6.611956357955932617e-01
2.620000000000000000e+02,1.897634506225585938e+00
2.630000000000000000e+02,3.661570787429809570e+00
2.640000000000000000e+02,5.050473690032958984e+00
2.650000000000000000e+02,7.062186241149902344e+00
